class,variant,file,width,height,g_min,g_max,g_mean,g_stddev,g_p01,g_median,g_p99,g_zero_count,g_255_count,b_mean,b_max
backpack,1,backpack_v1.glb,1024,1024,0,236,194.211092,32.920988,87,208,227,52,0,85.895756,255
backpack,2,backpack_v2.glb,1024,1024,0,255,188.429675,38.021794,35,193,253,6,2665,201.041879,255
backpack,3,backpack_v3.glb,1024,1024,0,227,185.165005,30.857872,47,196,208,1105,0,62.004389,255
books,1,books_v1.glb,1024,1024,0,255,254.762372,1.616037,254,255,255,22,813224,254.33699,255
books,2,books_v2.glb,1024,1024,0,213,118.909997,18.44907,82,120,155,20,0,0.243123,255
books,3,books_v3.glb,1024,1024,0,255,251.488968,23.442597,130,255,255,2,770416,254.420533,255
bookshelf,1,bookshelf_v1.glb,1024,1024,0,255,121.124802,116.239811,0,30,255,16034,236921,63.479389,255
bookshelf,2,bookshelf_v2.glb,1024,1024,0,74,33.900234,14.268072,14,34,55,85,0,65.561149,255
bookshelf,3,bookshelf_v3.glb,1024,1024,0,184,88.96254,38.670721,62,64,162,5,0,76.703748,246
cabinet,1,cabinet_v1.glb,1024,1024,101,126,112.918447,2.284481,108,113,118,0,0,0.033107,6
cabinet,2,cabinet_v2.glb,1024,1024,0,165,155.746547,4.808158,130,156,158,57,0,0.804153,179
cabinet,3,cabinet_v3.glb,1024,1024,0,120,94.287639,7.122345,80,92,113,9,0,13.436341,177
chair,1,chair_v1.glb,1024,1024,79,249,223.484927,40.197119,104,240,242,0,0,20.407597,255
chair,2,chair_v2.glb,1024,1024,0,240,167.356985,34.591048,135,145,222,2,0,0.000167,3
chair,3,chair_v3.glb,1024,1024,0,255,139.87571,40.102843,86,122,252,29,383,7.995336,255
desk,1,desk_v1.glb,1024,1024,97,148,109.360724,7.077944,101,107,131,0,0,3.376199,255
desk,2,desk_v2.glb,1024,1024,0,171,141.528111,12.322391,113,148,154,8,0,0.033506,15
desk,3,desk_v3.glb,1024,1024,57,164,131.167138,32.754457,70,151,158,0,0,57.169613,255
floor_lamp,1,floor_lamp_v1.glb,1024,1024,0,255,214.639846,62.037432,4,255,255,9,672286,51.463158,198
floor_lamp,2,floor_lamp_v2.glb,1024,1024,40,252,131.897377,98.865032,41,50,246,0,0,115.961096,255
floor_lamp,3,floor_lamp_v3.glb,1024,1024,0,238,147.311337,64.312293,58,126,230,2,0,152.065532,255
lamp,1,lamp_v1.glb,1024,1024,0,210,129.952008,32.801806,0,138,207,26538,0,217.882431,255
lamp,2,lamp_v2.glb,1024,1024,0,170,157.928406,7.33213,134,159,162,15,0,0.127286,114
lamp,3,lamp_v3.glb,1024,1024,39,255,172.161819,95.51509,45,254,255,0,502172,150.283495,253
laptop,1,laptop_v1.glb,1024,1024,0,195,159.051827,12.623317,101,157,185,43,0,171.449216,255
laptop,2,laptop_v2.glb,1024,1024,0,207,130.993052,18.242526,73,124,162,344,0,168.199452,255
laptop,3,laptop_v3.glb,1024,1024,0,158,133.285397,14.908794,61,139,142,8,0,152.717162,255
monitor,1,monitor_v1.glb,1024,1024,0,193,118.289411,36.960969,61,109,182,32,0,161.593225,255
monitor,2,monitor_v2.glb,1024,1024,0,140,103.770044,10.323995,87,103,122,2,0,203.256861,255
monitor,3,monitor_v3.glb,1024,1024,0,218,104.705602,41.157618,56,88,208,4,0,44.691801,255
mug,1,mug_v1.glb,1024,1024,29,82,55.963228,3.927966,42,56,65,0,0,164.583045,193
mug,2,mug_v2.glb,1024,1024,39,158,113.405514,18.989805,80,101,146,0,0,21.155292,199
mug,3,mug_v3.glb,1024,1024,33,255,52.802869,42.881717,39,44,255,0,16049,75.743616,192
pen_holder,1,pen_holder_v1.glb,1024,1024,0,204,129.33113,27.802214,50,138,180,7,0,189.842052,255
pen_holder,2,pen_holder_v2.glb,1024,1024,0,217,123.636689,27.759983,76,112,212,12,0,208.296691,255
pen_holder,3,pen_holder_v3.glb,1024,1024,0,186,108.61287,6.019529,89,112,114,23,0,51.085827,255
plant,1,plant_v1.glb,1024,1024,0,207,113.712575,27.332943,64,112,158,9,0,0.0,0
plant,2,plant_v2.glb,1024,1024,0,246,161.130552,26.257639,120,153,231,14,0,20.009054,225
plant,3,plant_v3.glb,1024,1024,0,246,123.792766,42.375834,93,108,224,37,0,0.0,0
printer,1,printer_v1.glb,1024,1024,0,142,124.597816,8.311004,106,126,131,18,0,77.622478,241
printer,2,printer_v2.glb,1024,1024,0,127,115.377042,10.757161,89,120,122,59,0,132.187207,255
printer,3,printer_v3.glb,1024,1024,0,144,137.783731,1.963898,136,138,140,92,0,163.423703,198
rug,1,rug_v1.glb,1024,1024,0,255,254.592037,2.813834,254,255,255,85,659829,142.643629,176
rug,2,rug_v2.glb,1024,1024,250,255,254.6485,0.515953,253,255,255,0,698875,133.338309,148
rug,3,rug_v3.glb,1024,1024,253,255,254.839775,0.369152,254,255,255,0,881470,254.553356,255
trash_bin,1,trash_bin_v1.glb,1024,1024,0,120,108.351439,0.871086,108,108,112,3,0,188.582673,207
trash_bin,2,trash_bin_v2.glb,1024,1024,0,141,110.005783,2.160488,109,109,120,1,0,0.0,0
trash_bin,3,trash_bin_v3.glb,1024,1024,0,166,131.164145,6.450435,126,129,153,2,0,1.754295,122
